Al2O3,H,1143,2,2.8,0,0,3.822165528,20.3922556,5.380127367,2.708,1.83,0.896513246,0.010089873,0.005435931,0.017604705,0.004929071,87,48,25.62,20.38,40.76,1,0,0.6496414,5,2.718214795,66.16102207,5.8537,87.420008,-3.442156,5.177955,5.177954,5.177956,55.289628,55.289607,55.289594,3.873499,10,1,0,0,0,1.008,1,14.1,1,2.2,13.59843401,79,-38,4.507107424,0,0.0493039,
Al2O3,O,1143,2,2.8,0,0,3.822165528,20.3922556,5.380127367,2.708,1.83,0.896513246,0.010089873,0.005435931,0.017604705,0.004929071,87,48,25.62,20.38,40.76,1,0,0.6496414,5,2.718214795,66.16102207,5.8537,87.420008,-3.442156,5.177955,5.177954,5.177956,55.289628,55.289607,55.289594,3.873499,10,2,4,0,0,15.999,8,14,8,3.44,13.618054,152,135,5.24,1,0.3511808,
Al2O3,O,1143,2,2.8,0,0,3.822165528,20.3922556,5.380127367,2.708,1.83,0.896513246,0.010089873,0.005435931,0.017604705,0.004929071,87,48,25.62,20.38,40.76,1,0,0.6496414,5,2.718214795,66.16102207,5.8537,87.420008,-3.442156,5.177955,5.177954,5.177956,55.289628,55.289607,55.289594,3.873499,10,2,4,0,0,15.999,8,14,8,3.44,13.618054,152,135,5.24,1,0.3511808,
Al2O3,O,1143,2,2.8,0,0,3.822165528,20.3922556,5.380127367,2.708,1.83,0.896513246,0.010089873,0.005435931,0.017604705,0.004929071,87,48,25.62,20.38,40.76,1,0,0.6496414,5,2.718214795,66.16102207,5.8537,87.420008,-3.442156,5.177955,5.177954,5.177956,55.289628,55.289607,55.289594,3.873499,10,2,4,0,0,15.999,8,14,8,3.44,13.618054,152,135,5.24,1,0.3511808,
AlAs,Al,2172,2,2,5,0,19.83746547,50.9515645,23.9700255,1.895,0.57,0.285,0.002410941,0.00027473,0.002794094,0.002163599,48.5,9.5,37.9,8.1,16.2,1,0,0.5609826,2,4.00540614,181.6511403,1.5017,47.125661,-0.48399,4.054377,4.054377,4.054377,60,60,60,3.5907,2,2,1,0,0,26.9815385,13,10,13,1.61,5.9857684,143,39,46,1,0.2924207,
AlAs,Al,2172,2,2,5,0,19.83746547,50.9515645,23.9700255,1.895,0.57,0.285,0.002410941,0.00027473,0.002794094,0.002163599,48.5,9.5,37.9,8.1,16.2,1,0,0.5609826,2,4.00540614,181.6511403,1.5017,47.125661,-0.48399,4.054377,4.054377,4.054377,60,60,60,3.5907,2,2,1,0,0,26.9815385,13,10,13,1.61,5.9857684,143,39,46,1,0.2924207,
AlAs,Al,2172,2,2,5,0,19.83746547,50.9515645,23.9700255,1.895,0.57,0.285,0.002410941,0.00027473,0.002794094,0.002163599,48.5,9.5,37.9,8.1,16.2,1,0,0.5609826,2,4.00540614,181.6511403,1.5017,47.125661,-0.48399,4.054377,4.054377,4.054377,60,60,60,3.5907,2,2,1,0,0,26.9815385,13,10,13,1.61,5.9857684,143,39,46,1,0.2924207,
AlAs,Al,2172,2,2,5,0,19.83746547,50.9515645,23.9700255,1.895,0.57,0.285,0.002410941,0.00027473,0.002794094,0.002163599,48.5,9.5,37.9,8.1,16.2,1,0,0.5609826,2,4.00540614,181.6511403,1.5017,47.125661,-0.48399,4.054377,4.054377,4.054377,60,60,60,3.5907,2,2,1,0,0,26.9815385,13,10,13,1.61,5.9857684,143,39,46,1,0.2924207,
AlAs,Al,2172,2,2,5,0,19.83746547,50.9515645,23.9700255,1.895,0.57,0.285,0.002410941,0.00027473,0.002794094,0.002163599,48.5,9.5,37.9,8.1,16.2,1,0,0.5609826,2,4.00540614,181.6511403,1.5017,47.125661,-0.48399,4.054377,4.054377,4.054377,60,60,60,3.5907,2,2,1,0,0,26.9815385,13,10,13,1.61,5.9857684,143,39,46,1,0.2924207,
AlAs,Al,2172,2,2,5,0,19.83746547,50.9515645,23.9700255,1.895,0.57,0.285,0.002410941,0.00027473,0.002794094,0.002163599,48.5,9.5,37.9,8.1,16.2,1,0,0.5609826,2,4.00540614,181.6511403,1.5017,47.125661,-0.48399,4.054377,4.054377,4.054377,60,60,60,3.5907,2,2,1,0,0,26.9815385,13,10,13,1.61,5.9857684,143,39,46,1,0.2924207,
AlAs,Al,2172,2,2,5,0,19.83746547,50.9515645,23.9700255,1.895,0.57,0.285,0.002410941,0.00027473,0.002794094,0.002163599,48.5,9.5,37.9,8.1,16.2,1,0,0.5609826,2,4.00540614,181.6511403,1.5017,47.125661,-0.48399,4.054377,4.054377,4.054377,60,60,60,3.5907,2,2,1,0,0,26.9815385,13,10,13,1.61,5.9857684,143,39,46,1,0.2924207,
AlAs,Al,2172,2,2,5,0,19.83746547,50.9515645,23.9700255,1.895,0.57,0.285,0.002410941,0.00027473,0.002794094,0.002163599,48.5,9.5,37.9,8.1,16.2,1,0,0.5609826,2,4.00540614,181.6511403,1.5017,47.125661,-0.48399,4.054377,4.054377,4.054377,60,60,60,3.5907,2,2,1,0,0,26.9815385,13,10,13,1.61,5.9857684,143,39,46,1,0.2924207,
AlAs,Al,2172,2,2,5,0,19.83746547,50.9515645,23.9700255,1.895,0.57,0.285,0.002410941,0.00027473,0.002794094,0.002163599,48.5,9.5,37.9,8.1,16.2,1,0,0.5609826,2,4.00540614,181.6511403,1.5017,47.125661,-0.48399,4.054377,4.054377,4.054377,60,60,60,3.5907,2,2,1,0,0,26.9815385,13,10,13,1.61,5.9857684,143,39,46,1,0.2924207,
AlAs,Al,2172,2,2,5,0,19.83746547,50.9515645,23.9700255,1.895,0.57,0.285,0.002410941,0.00027473,0.002794094,0.002163599,48.5,9.5,37.9,8.1,16.2,1,0,0.5609826,2,4.00540614,181.6511403,1.5017,47.125661,-0.48399,4.054377,4.054377,4.054377,60,60,60,3.5907,2,2,1,0,0,26.9815385,13,10,13,1.61,5.9857684,143,39,46,1,0.2924207,
AlAs,Al,2172,2,2,5,0,19.83746547,50.9515645,23.9700255,1.895,0.57,0.285,0.002410941,0.00027473,0.002794094,0.002163599,48.5,9.5,37.9,8.1,16.2,1,0,0.5609826,2,4.00540614,181.6511403,1.5017,47.125661,-0.48399,4.054377,4.054377,4.054377,60,60,60,3.5907,2,2,1,0,0,26.9815385,13,10,13,1.61,5.9857684,143,39,46,1,0.2924207,
AlAs,Al,2172,2,2,5,0,19.83746547,50.9515645,23.9700255,1.895,0.57,0.285,0.002410941,0.00027473,0.002794094,0.002163599,48.5,9.5,37.9,8.1,16.2,1,0,0.5609826,2,4.00540614,181.6511403,1.5017,47.125661,-0.48399,4.054377,4.054377,4.054377,60,60,60,3.5907,2,2,1,0,0,26.9815385,13,10,13,1.61,5.9857684,143,39,46,1,0.2924207,
AlAs,Al,2172,2,2,5,0,19.83746547,50.9515645,23.9700255,1.895,0.57,0.285,0.002410941,0.00027473,0.002794094,0.002163599,48.5,9.5,37.9,8.1,16.2,1,0,0.5609826,2,4.00540614,181.6511403,1.5017,47.125661,-0.48399,4.054377,4.054377,4.054377,60,60,60,3.5907,2,2,1,0,0,26.9815385,13,10,13,1.61,5.9857684,143,39,46,1,0.2924207,
AlAs,As,2172,2,2,5,0,19.83746547,50.9515645,23.9700255,1.895,0.57,0.285,0.002410941,0.00027473,0.002794094,0.002163599,48.5,9.5,37.9,8.1,16.2,1,0,0.5609826,2,4.00540614,181.6511403,1.5017,47.125661,-0.48399,4.054377,4.054377,4.054377,60,60,60,3.5907,2,2,3,10,0,74.921595,33,13.1,33,2.18,9.789,139,58,29.8,1,0.2685619,
AlAs,As,2172,2,2,5,0,19.83746547,50.9515645,23.9700255,1.895,0.57,0.285,0.002410941,0.00027473,0.002794094,0.002163599,48.5,9.5,37.9,8.1,16.2,1,0,0.5609826,2,4.00540614,181.6511403,1.5017,47.125661,-0.48399,4.054377,4.054377,4.054377,60,60,60,3.5907,2,2,3,10,0,74.921595,33,13.1,33,2.18,9.789,139,58,29.8,1,0.2685619,
AlAs,As,2172,2,2,5,0,19.83746547,50.9515645,23.9700255,1.895,0.57,0.285,0.002410941,0.00027473,0.002794094,0.002163599,48.5,9.5,37.9,8.1,16.2,1,0,0.5609826,2,4.00540614,181.6511403,1.5017,47.125661,-0.48399,4.054377,4.054377,4.054377,60,60,60,3.5907,2,2,3,10,0,74.921595,33,13.1,33,2.18,9.789,139,58,29.8,1,0.2685619,
AlAs,As,2172,2,2,5,0,19.83746547,50.9515645,23.9700255,1.895,0.57,0.285,0.002410941,0.00027473,0.002794094,0.002163599,48.5,9.5,37.9,8.1,16.2,1,0,0.5609826,2,4.00540614,181.6511403,1.5017,47.125661,-0.48399,4.054377,4.054377,4.054377,60,60,60,3.5907,2,2,3,10,0,74.921595,33,13.1,33,2.18,9.789,139,58,29.8,1,0.2685619,
AlAs,As,2172,2,2,5,0,19.83746547,50.9515645,23.9700255,1.895,0.57,0.285,0.002410941,0.00027473,0.002794094,0.002163599,48.5,9.5,37.9,8.1,16.2,1,0,0.5609826,2,4.00540614,181.6511403,1.5017,47.125661,-0.48399,4.054377,4.054377,4.054377,60,60,60,3.5907,2,2,3,10,0,74.921595,33,13.1,33,2.18,9.789,139,58,29.8,1,0.2685619,
AlAs,As,2172,2,2,5,0,19.83746547,50.9515645,23.9700255,1.895,0.57,0.285,0.002410941,0.00027473,0.002794094,0.002163599,48.5,9.5,37.9,8.1,16.2,1,0,0.5609826,2,4.00540614,181.6511403,1.5017,47.125661,-0.48399,4.054377,4.054377,4.054377,60,60,60,3.5907,2,2,3,10,0,74.921595,33,13.1,33,2.18,9.789,139,58,29.8,1,0.2685619,
AlAs,As,2172,2,2,5,0,19.83746547,50.9515645,23.9700255,1.895,0.57,0.285,0.002410941,0.00027473,0.002794094,0.002163599,48.5,9.5,37.9,8.1,16.2,1,0,0.5609826,2,4.00540614,181.6511403,1.5017,47.125661,-0.48399,4.054377,4.054377,4.054377,60,60,60,3.5907,2,2,3,10,0,74.921595,33,13.1,33,2.18,9.789,139,58,29.8,1,0.2685619,
AlAs,As,2172,2,2,5,0,19.83746547,50.9515645,23.9700255,1.895,0.57,0.285,0.002410941,0.00027473,0.002794094,0.002163599,48.5,9.5,37.9,8.1,16.2,1,0,0.5609826,2,4.00540614,181.6511403,1.5017,47.125661,-0.48399,4.054377,4.054377,4.054377,60,60,60,3.5907,2,2,3,10,0,74.921595,33,13.1,33,2.18,9.789,139,58,29.8,1,0.2685619,
AlAs,As,2172,2,2,5,0,19.83746547,50.9515645,23.9700255,1.895,0.57,0.285,0.002410941,0.00027473,0.002794094,0.002163599,48.5,9.5,37.9,8.1,16.2,1,0,0.5609826,2,4.00540614,181.6511403,1.5017,47.125661,-0.48399,4.054377,4.054377,4.054377,60,60,60,3.5907,2,2,3,10,0,74.921595,33,13.1,33,2.18,9.789,139,58,29.8,1,0.2685619,
AlAs,As,2172,2,2,5,0,19.83746547,50.9515645,23.9700255,1.895,0.57,0.285,0.002410941,0.00027473,0.002794094,0.002163599,48.5,9.5,37.9,8.1,16.2,1,0,0.5609826,2,4.00540614,181.6511403,1.5017,47.125661,-0.48399,4.054377,4.054377,4.054377,60,60,60,3.5907,2,2,3,10,0,74.921595,33,13.1,33,2.18,9.789,139,58,29.8,1,0.2685619,
AlAs,As,2172,2,2,5,0,19.83746547,50.9515645,23.9700255,1.895,0.57,0.285,0.002410941,0.00027473,0.002794094,0.002163599,48.5,9.5,37.9,8.1,16.2,1,0,0.5609826,2,4.00540614,181.6511403,1.5017,47.125661,-0.48399,4.054377,4.054377,4.054377,60,60,60,3.5907,2,2,3,10,0,74.921595,33,13.1,33,2.18,9.789,139,58,29.8,1,0.2685619,
AlAs,As,2172,2,2,5,0,19.83746547,50.9515645,23.9700255,1.895,0.57,0.285,0.002410941,0.00027473,0.002794094,0.002163599,48.5,9.5,37.9,8.1,16.2,1,0,0.5609826,2,4.00540614,181.6511403,1.5017,47.125661,-0.48399,4.054377,4.054377,4.054377,60,60,60,3.5907,2,2,3,10,0,74.921595,33,13.1,33,2.18,9.789,139,58,29.8,1,0.2685619,
AlAs,As,2172,2,2,5,0,19.83746547,50.9515645,23.9700255,1.895,0.57,0.285,0.002410941,0.00027473,0.002794094,0.002163599,48.5,9.5,37.9,8.1,16.2,1,0,0.5609826,2,4.00540614,181.6511403,1.5017,47.125661,-0.48399,4.054377,4.054377,4.054377,60,60,60,3.5907,2,2,3,10,0,74.921595,33,13.1,33,2.18,9.789,139,58,29.8,1,0.2685619,
AlAs,As,2172,2,2,5,0,19.83746547,50.9515645,23.9700255,1.895,0.57,0.285,0.002410941,0.00027473,0.002794094,0.002163599,48.5,9.5,37.9,8.1,16.2,1,0,0.5609826,2,4.00540614,181.6511403,1.5017,47.125661,-0.48399,4.054377,4.054377,4.054377,60,60,60,3.5907,2,2,3,10,0,74.921595,33,13.1,33,2.18,9.789,139,58,29.8,1,0.2685619,
CdS,Cd,672,2,2,5,0,24.94910004,72.2385,40.1725,2.135,0.89,0.445,0.002461277,0.00029135,0.002835347,0.002124639,131,53,37.29,12.36,24.72,1.5,1,0.5700647,2,3.973371571,253.4396534,1.1162,104.862863,-0.97258,4.206535,4.206535,6.842929,90,90,120,4.575653,4,2,0,10,0,112.414,48,13.1,48,1.69,8.993822,154,78,49.65,2,0.3652264,
CdS,Cd,672,2,2,5,0,24.94910004,72.2385,40.1725,2.135,0.89,0.445,0.002461277,0.00029135,0.002835347,0.002124639,131,53,37.29,12.36,24.72,1.5,1,0.5700647,2,3.973371571,253.4396534,1.1162,104.862863,-0.97258,4.206535,4.206535,6.842929,90,90,120,4.575653,4,2,0,10,0,112.414,48,13.1,48,1.69,8.993822,154,78,49.65,2,0.3652264,
CdS,Cd,672,2,2,5,0,24.94910004,72.2385,40.1725,2.135,0.89,0.445,0.002461277,0.00029135,0.002835347,0.002124639,131,53,37.29,12.36,24.72,1.5,1,0.5700647,2,3.973371571,253.4396534,1.1162,104.862863,-0.97258,4.206535,4.206535,6.842929,90,90,120,4.575653,4,2,0,10,0,112.414,48,13.1,48,1.69,8.993822,154,78,49.65,2,0.3652264,
CdS,Cu,672,2,2,5,0,24.94910004,72.2385,40.1725,2.135,0.89,0.445,0.002461277,0.00029135,0.002835347,0.002124639,131,53,37.29,12.36,24.72,1.5,1,0.5700647,2,3.973371571,253.4396534,1.1162,104.862863,-0.97258,4.206535,4.206535,6.842929,90,90,120,4.575653,4,1,0,10,0,63.546,29,7.1,29,1.9,7.72638,128,46,46.5,2,0.2097152,
CdSe,Cd,2691,2,2,10,0,46.38096974,95.6855,16.7255,2.12,0.86,0.43,0.001698179,0.000114758,0.00183936,0.00155827,138,60,37.945,11.705,23.41,1.5,1,0.6396264,2,4.678437452,299.1918407,0.5101,59.952796,-0.627581,4.393138,4.393138,4.393138,60,60,60,5.300487,2,2,0,10,0,112.414,48,13.1,48,1.69,8.993822,154,78,49.65,2,0.3652264,
CdTe,Cd,406,2,2,10,0,59.76244255,120.0055,7.5945,1.895,0.41,0.205,0.001364092,1.18E-05,0.001372772,0.001347368,149.5,71.5,43.325,6.325,12.65,1.5,1,0.7748264,2,4.250713292,309.7609994,0.5894,72.827208,-0.462714,4.687445,4.687445,4.687445,60,60,60,5.47251,2,2,0,10,0,112.414,48,13.1,48,1.69,8.993822,154,78,49.65,2,0.3652264,
CdTe,Cd,406,2,2,10,0,59.76244255,120.0055,7.5945,1.895,0.41,0.205,0.001364092,1.18E-05,0.001372772,0.001347368,149.5,71.5,43.325,6.325,12.65,1.5,1,0.7748264,2,4.250713292,309.7609994,0.5894,72.827208,-0.462714,4.687445,4.687445,4.687445,60,60,60,5.47251,2,2,0,10,0,112.414,48,13.1,48,1.69,8.993822,154,78,49.65,2,0.3652264,
CdTe,Cd,406,2,2,10,0,59.76244255,120.0055,7.5945,1.895,0.41,0.205,0.001364092,1.18E-05,0.001372772,0.001347368,149.5,71.5,43.325,6.325,12.65,1.5,1,0.7748264,2,4.250713292,309.7609994,0.5894,72.827208,-0.462714,4.687445,4.687445,4.687445,60,60,60,5.47251,2,2,0,10,0,112.414,48,13.1,48,1.69,8.993822,154,78,49.65,2,0.3652264,
CdTe,Cu,406,2,2,10,0,59.76244255,120.0055,7.5945,1.895,0.41,0.205,0.001364092,1.18E-05,0.001372772,0.001347368,149.5,71.5,43.325,6.325,12.65,1.5,1,0.7748264,2,4.250713292,309.7609994,0.5894,72.827208,-0.462714,4.687445,4.687445,4.687445,60,60,60,5.47251,2,1,0,10,0,63.546,29,7.1,29,1.9,7.72638,128,46,46.5,2,0.2097152,
CuInSe2,Cu,22811,1.75,2.25,10,0,20.0902663,84.071,18.83413308,2.195,0.77,0.357526223,0.002370802,0.000363803,0.002794756,0.00184847,102,68.19579655,47.14666667,17.34025247,42.46,1.333333333,1,1.2159448,4,3.39318148,211.6247382,0.0046,203.945952,-0.442766,5.878728,5.878728,7.218391,114.029371,114.029371,90,5.476085,8,1,0,10,0,63.546,29,7.1,29,1.9,7.72638,128,46,46.5,2,0.2097152,
CuInSe2,Cu,22811,1.75,2.25,10,0,20.0902663,84.071,18.83413308,2.195,0.77,0.357526223,0.002370802,0.000363803,0.002794756,0.00184847,102,68.19579655,47.14666667,17.34025247,42.46,1.333333333,1,1.2159448,4,3.39318148,211.6247382,0.0046,203.945952,-0.442766,5.878728,5.878728,7.218391,114.029371,114.029371,90,5.476085,8,1,0,10,0,63.546,29,7.1,29,1.9,7.72638,128,46,46.5,2,0.2097152,
CuInSe2,Cu,22811,1.75,2.25,10,0,20.0902663,84.071,18.83413308,2.195,0.77,0.357526223,0.002370802,0.000363803,0.002794756,0.00184847,102,68.19579655,47.14666667,17.34025247,42.46,1.333333333,1,1.2159448,4,3.39318148,211.6247382,0.0046,203.945952,-0.442766,5.878728,5.878728,7.218391,114.029371,114.029371,90,5.476085,8,1,0,10,0,63.546,29,7.1,29,1.9,7.72638,128,46,46.5,2,0.2097152,
CuInSe2,Cu,22811,1.75,2.25,10,0,20.0902663,84.071,18.83413308,2.195,0.77,0.357526223,0.002370802,0.000363803,0.002794756,0.00184847,102,68.19579655,47.14666667,17.34025247,42.46,1.333333333,1,1.2159448,4,3.39318148,211.6247382,0.0046,203.945952,-0.442766,5.878728,5.878728,7.218391,114.029371,114.029371,90,5.476085,8,1,0,10,0,63.546,29,7.1,29,1.9,7.72638,128,46,46.5,2,0.2097152,
CuInSe2,In,22811,1.75,2.25,10,0,20.0902663,84.071,18.83413308,2.195,0.77,0.357526223,0.002370802,0.000363803,0.002794756,0.00184847,102,68.19579655,47.14666667,17.34025247,42.46,1.333333333,1,1.2159448,4,3.39318148,211.6247382,0.0046,203.945952,-0.442766,5.878728,5.878728,7.218391,114.029371,114.029371,90,5.476085,8,2,1,10,0,114.818,49,15.7,49,1.78,5.7863552,166,62,68.7,1,0.4574296,
CuInSe2,In,22811,1.75,2.25,10,0,20.0902663,84.071,18.83413308,2.195,0.77,0.357526223,0.002370802,0.000363803,0.002794756,0.00184847,102,68.19579655,47.14666667,17.34025247,42.46,1.333333333,1,1.2159448,4,3.39318148,211.6247382,0.0046,203.945952,-0.442766,5.878728,5.878728,7.218391,114.029371,114.029371,90,5.476085,8,2,1,10,0,114.818,49,15.7,49,1.78,5.7863552,166,62,68.7,1,0.4574296,
CuInSe2,In,22811,1.75,2.25,10,0,20.0902663,84.071,18.83413308,2.195,0.77,0.357526223,0.002370802,0.000363803,0.002794756,0.00184847,102,68.19579655,47.14666667,17.34025247,42.46,1.333333333,1,1.2159448,4,3.39318148,211.6247382,0.0046,203.945952,-0.442766,5.878728,5.878728,7.218391,114.029371,114.029371,90,5.476085,8,2,1,10,0,114.818,49,15.7,49,1.78,5.7863552,166,62,68.7,1,0.4574296,
CuInSe2,In,22811,1.75,2.25,10,0,20.0902663,84.071,18.83413308,2.195,0.77,0.357526223,0.002370802,0.000363803,0.002794756,0.00184847,102,68.19579655,47.14666667,17.34025247,42.46,1.333333333,1,1.2159448,4,3.39318148,211.6247382,0.0046,203.945952,-0.442766,5.878728,5.878728,7.218391,114.029371,114.029371,90,5.476085,8,2,1,10,0,114.818,49,15.7,49,1.78,5.7863552,166,62,68.7,1,0.4574296,
CuInSe2,In,22811,1.75,2.25,10,0,20.0902663,84.071,18.83413308,2.195,0.77,0.357526223,0.002370802,0.000363803,0.002794756,0.00184847,102,68.19579655,47.14666667,17.34025247,42.46,1.333333333,1,1.2159448,4,3.39318148,211.6247382,0.0046,203.945952,-0.442766,5.878728,5.878728,7.218391,114.029371,114.029371,90,5.476085,8,2,1,10,0,114.818,49,15.7,49,1.78,5.7863552,166,62,68.7,1,0.4574296,
GaAs,As,2534,2,2,10,0,36.1144376,72.322295,2.599295,1.995,0.37,0.185,0.001806487,0.000188057,0.002070827,0.001648985,52.5,5.5,39.85,10.05,20.1,1,0,0.548884,2,5.050376229,263.5248796,0.1887,47.531873,-0.350451,4.065993,4.065993,4.065993,60,60,60,5.053199,2,2,3,10,0,74.921595,33,13.1,33,2.18,9.789,139,58,29.8,1,0.2685619,
GaAs,As,2534,2,2,10,0,36.1144376,72.322295,2.599295,1.995,0.37,0.185,0.001806487,0.000188057,0.002070827,0.001648985,52.5,5.5,39.85,10.05,20.1,1,0,0.548884,2,5.050376229,263.5248796,0.1887,47.531873,-0.350451,4.065993,4.065993,4.065993,60,60,60,5.053199,2,2,3,10,0,74.921595,33,13.1,33,2.18,9.789,139,58,29.8,1,0.2685619,
GaAs,Ga,2534,2,2,10,0,36.1144376,72.322295,2.599295,1.995,0.37,0.185,0.001806487,0.000188057,0.002070827,0.001648985,52.5,5.5,39.85,10.05,20.1,1,0,0.548884,2,5.050376229,263.5248796,0.1887,47.531873,-0.350451,4.065993,4.065993,4.065993,60,60,60,5.053199,2,2,1,10,0,69.723,31,11.8,31,1.81,5.9993018,141,47,49.9,1,0.2803221,
GaAs,Ga,2534,2,2,10,0,36.1144376,72.322295,2.599295,1.995,0.37,0.185,0.001806487,0.000188057,0.002070827,0.001648985,52.5,5.5,39.85,10.05,20.1,1,0,0.548884,2,5.050376229,263.5248796,0.1887,47.531873,-0.350451,4.065993,4.065993,4.065993,60,60,60,5.053199,2,2,1,10,0,69.723,31,11.8,31,1.81,5.9993018,141,47,49.9,1,0.2803221,
GaAs,Ga,2534,2,2,10,0,36.1144376,72.322295,2.599295,1.995,0.37,0.185,0.001806487,0.000188057,0.002070827,0.001648985,52.5,5.5,39.85,10.05,20.1,1,0,0.548884,2,5.050376229,263.5248796,0.1887,47.531873,-0.350451,4.065993,4.065993,4.065993,60,60,60,5.053199,2,2,1,10,0,69.723,31,11.8,31,1.81,5.9993018,141,47,49.9,1,0.2803221,
GaN,Be,804,2,2,5,0,11.66362075,41.86487,27.85813,2.425,1.23,0.615,0.00445036,0.001610622,0.006671176,0.002901618,96.5,49.5,28.75,21.15,42.3,1,0,0.3581909,2,5.012610744,233.7573065,1.7433,46.942827,-0.665803,3.21629,3.21629,5.239962,90,90,120,5.923649,4,2,0,0,0,9.0121831,4,5,4,1.57,9.322699,112,16,37.71,0,0.1404928,
GaN,Mg,804,2,2,5,0,11.66362075,41.86487,27.85813,2.425,1.23,0.615,0.00445036,0.001610622,0.006671176,0.002901618,96.5,49.5,28.75,21.15,42.3,1,0,0.3581909,2,5.012610744,233.7573065,1.7433,46.942827,-0.665803,3.21629,3.21629,5.239962,90,90,120,5.923649,4,2,0,0,0,24.305,12,14,12,1.31,7.646235,160,57,70.89,0,0.4096,
GaN,Zn,804,2,2,5,0,11.66362075,41.86487,27.85813,2.425,1.23,0.615,0.00445036,0.001610622,0.006671176,0.002901618,96.5,49.5,28.75,21.15,42.3,1,0,0.3581909,2,5.012610744,233.7573065,1.7433,46.942827,-0.665803,3.21629,3.21629,5.239962,90,90,120,5.923649,4,2,0,10,0,65.38,30,9.2,30,1.65,9.394199,138,60,38.8,2,0.2628072,
Ge,Ga,32,2,2,10,0,72.61,72.61,0,2.01,0,0,0.001348266,0,0.001348266,0.001348266,73,0,39.43,0,0,1,0,0.2571353,1,7.378756301,282.3805211,0,47.847011,0,4.074959,4.074959,4.074959,60,60,60,5.041968,2,2,1,10,0,69.723,31,11.8,31,1.81,5.9993018,141,47,49.9,1,0.2803221,
Ge,Ga,32,2,2,10,0,72.61,72.61,0,2.01,0,0,0.001348266,0,0.001348266,0.001348266,73,0,39.43,0,0,1,0,0.2571353,1,7.378756301,282.3805211,0,47.847011,0,4.074959,4.074959,4.074959,60,60,60,5.041968,2,2,1,10,0,69.723,31,11.8,31,1.81,5.9993018,141,47,49.9,1,0.2803221,
Ge,Ge,32,2,2,10,0,72.61,72.61,0,2.01,0,0,0.001348266,0,0.001348266,0.001348266,73,0,39.43,0,0,1,0,0.2571353,1,7.378756301,282.3805211,0,47.847011,0,4.074959,4.074959,4.074959,60,60,60,5.041968,2,2,2,10,0,72.63,32,13.6,32,2.01,7.899435,137,73,39.43,1,0.2571353,
Ge,Ge,32,2,2,10,0,72.61,72.61,0,2.01,0,0,0.001348266,0,0.001348266,0.001348266,73,0,39.43,0,0,1,0,0.2571353,1,7.378756301,282.3805211,0,47.847011,0,4.074959,4.074959,4.074959,60,60,60,5.041968,2,2,2,10,0,72.63,32,13.6,32,2.01,7.899435,137,73,39.43,1,0.2571353,
Ge,Ge,32,2,2,10,0,72.61,72.61,0,2.01,0,0,0.001348266,0,0.001348266,0.001348266,73,0,39.43,0,0,1,0,0.2571353,1,7.378756301,282.3805211,0,47.847011,0,4.074959,4.074959,4.074959,60,60,60,5.041968,2,2,2,10,0,72.63,32,13.6,32,2.01,7.899435,137,73,39.43,1,0.2571353,
Ge,Ge,32,2,2,10,0,72.61,72.61,0,2.01,0,0,0.001348266,0,0.001348266,0.001348266,73,0,39.43,0,0,1,0,0.2571353,1,7.378756301,282.3805211,0,47.847011,0,4.074959,4.074959,4.074959,60,60,60,5.041968,2,2,2,10,0,72.63,32,13.6,32,2.01,7.899435,137,73,39.43,1,0.2571353,
Ge,Ge,32,2,2,10,0,72.61,72.61,0,2.01,0,0,0.001348266,0,0.001348266,0.001348266,73,0,39.43,0,0,1,0,0.2571353,1,7.378756301,282.3805211,0,47.847011,0,4.074959,4.074959,4.074959,60,60,60,5.041968,2,2,2,10,0,72.63,32,13.6,32,2.01,7.899435,137,73,39.43,1,0.2571353,
HfO2,H,352,2,2.666666667,0.666666667,4.666666667,7.656543246,70.16293333,76.59880343,2.726666667,2.14,1.008805675,0.006874513,0.004019525,0.012438475,0.003084258,96.5,38.5,57.12,51.88,103.76,1.5,1,0.5089463,3,4.432655903,382.1412986,4.0165,140.262123,-4.039258,5.142319,5.195148,5.326038,90,99.674531,90,9.967761,12,1,0,0,0,1.008,1,14.1,1,2.2,13.59843401,79,-38,4.507107424,0,0.0493039,
In2O3,O,22598,2,2.8,4,0,4.87981258,55.52684,48.41102942,2.776,1.66,0.813230595,0.008471789,0.005116115,0.015580519,0.003750626,98.5,36.5,36.97,31.73,63.46,1,0,0.9796592,5,2.997117886,133.5335798,0.9324,546.518426,-2.027263,8.920905,8.920905,8.920905,109.471221,109.471221,109.471221,6.748499,40,2,4,0,0,15.999,8,14,8,3.44,13.618054,152,135,5.24,1,0.3511808,
In2O3,O,22598,2,2.8,4,0,4.87981258,55.52684,48.41102942,2.776,1.66,0.813230595,0.008471789,0.005116115,0.015580519,0.003750626,98.5,36.5,36.97,31.73,63.46,1,0,0.9796592,5,2.997117886,133.5335798,0.9324,546.518426,-2.027263,8.920905,8.920905,8.920905,109.471221,109.471221,109.471221,6.748499,40,2,4,0,0,15.999,8,14,8,3.44,13.618054,152,135,5.24,1,0.3511808,
In2O3,O,22598,2,2.8,4,0,4.87981258,55.52684,48.41102942,2.776,1.66,0.813230595,0.008471789,0.005116115,0.015580519,0.003750626,98.5,36.5,36.97,31.73,63.46,1,0,0.9796592,5,2.997117886,133.5335798,0.9324,546.518426,-2.027263,8.920905,8.920905,8.920905,109.471221,109.471221,109.471221,6.748499,40,2,4,0,0,15.999,8,14,8,3.44,13.618054,152,135,5.24,1,0.3511808,
La2O3,H,2292,2,2.4,0.4,0,4.952816756,65.16184,60.21144626,2.504,2.34,1.1463612,0.008010809,0.005358293,0.015465265,0.003104486,119.1,15.9,107.62,102.38,204.76,2,2,1.3726406,5,1.870002549,112.8517545,3.5319,741.134332,-3.894607,9.874299,9.874299,9.874299,109.471221,109.471221,109.471221,5.8399,40,1,0,0,0,1.008,1,14.1,1,2.2,13.59843401,79,-38,4.507107424,0,0.0493039,
LaAlO3,Al,2920,2,2.6,0.2,0,4.314649274,42.7770478,48.2520563,2.606,2.34,1.034090905,0.006929939,0.004501008,0.016569551,0.00332616,92.4,39.92893688,87.08,88.4960986,204.76,1.666666667,2,1.011141,5,2.178786915,179.8823695,4.0189,111.485241,-3.740241,5.393214,5.393214,5.393214,60.223225,60.223225,60.223225,6.371511,10,2,1,0,0,26.9815385,13,10,13,1.61,5.9857684,143,39,46,1,0.2924207,
LaAlO3,Al,2920,2,2.6,0.2,0,4.314649274,42.7770478,48.2520563,2.606,2.34,1.034090905,0.006929939,0.004501008,0.016569551,0.00332616,92.4,39.92893688,87.08,88.4960986,204.76,1.666666667,2,1.011141,5,2.178786915,179.8823695,4.0189,111.485241,-3.740241,5.393214,5.393214,5.393214,60.223225,60.223225,60.223225,6.371511,10,2,1,0,0,26.9815385,13,10,13,1.61,5.9857684,143,39,46,1,0.2924207,
LaAlO3,Al,2920,2,2.6,0.2,0,4.314649274,42.7770478,48.2520563,2.606,2.34,1.034090905,0.006929939,0.004501008,0.016569551,0.00332616,92.4,39.92893688,87.08,88.4960986,204.76,1.666666667,2,1.011141,5,2.178786915,179.8823695,4.0189,111.485241,-3.740241,5.393214,5.393214,5.393214,60.223225,60.223225,60.223225,6.371511,10,2,1,0,0,26.9815385,13,10,13,1.61,5.9857684,143,39,46,1,0.2924207,
LaAlO3,Al,2920,2,2.6,0.2,0,4.314649274,42.7770478,48.2520563,2.606,2.34,1.034090905,0.006929939,0.004501008,0.016569551,0.00332616,92.4,39.92893688,87.08,88.4960986,204.76,1.666666667,2,1.011141,5,2.178786915,179.8823695,4.0189,111.485241,-3.740241,5.393214,5.393214,5.393214,60.223225,60.223225,60.223225,6.371511,10,2,1,0,0,26.9815385,13,10,13,1.61,5.9857684,143,39,46,1,0.2924207,
LaAlO3,Al,2920,2,2.6,0.2,0,4.314649274,42.7770478,48.2520563,2.606,2.34,1.034090905,0.006929939,0.004501008,0.016569551,0.00332616,92.4,39.92893688,87.08,88.4960986,204.76,1.666666667,2,1.011141,5,2.178786915,179.8823695,4.0189,111.485241,-3.740241,5.393214,5.393214,5.393214,60.223225,60.223225,60.223225,6.371511,10,2,1,0,0,26.9815385,13,10,13,1.61,5.9857684,143,39,46,1,0.2924207,
LaAlO3,H,2920,2,2.6,0.2,0,4.314649274,42.7770478,48.2520563,2.606,2.34,1.034090905,0.006929939,0.004501008,0.016569551,0.00332616,92.4,39.92893688,87.08,88.4960986,204.76,1.666666667,2,1.011141,5,2.178786915,179.8823695,4.0189,111.485241,-3.740241,5.393214,5.393214,5.393214,60.223225,60.223225,60.223225,6.371511,10,1,0,0,0,1.008,1,14.1,1,2.2,13.59843401,79,-38,4.507107424,0,0.0493039,
LaAlO3,La,2920,2,2.6,0.2,0,4.314649274,42.7770478,48.2520563,2.606,2.34,1.034090905,0.006929939,0.004501008,0.016569551,0.00332616,92.4,39.92893688,87.08,88.4960986,204.76,1.666666667,2,1.011141,5,2.178786915,179.8823695,4.0189,111.485241,-3.740241,5.393214,5.393214,5.393214,60.223225,60.223225,60.223225,6.371511,10,2,0,1,0,138.90547,57,22.5,57,1.1,5.5769,187,103.2,210,2,0.6539203,
LaAlO3,La,2920,2,2.6,0.2,0,4.314649274,42.7770478,48.2520563,2.606,2.34,1.034090905,0.006929939,0.004501008,0.016569551,0.00332616,92.4,39.92893688,87.08,88.4960986,204.76,1.666666667,2,1.011141,5,2.178786915,179.8823695,4.0189,111.485241,-3.740241,5.393214,5.393214,5.393214,60.223225,60.223225,60.223225,6.371511,10,2,0,1,0,138.90547,57,22.5,57,1.1,5.5769,187,103.2,210,2,0.6539203,
LaAlO3,La,2920,2,2.6,0.2,0,4.314649274,42.7770478,48.2520563,2.606,2.34,1.034090905,0.006929939,0.004501008,0.016569551,0.00332616,92.4,39.92893688,87.08,88.4960986,204.76,1.666666667,2,1.011141,5,2.178786915,179.8823695,4.0189,111.485241,-3.740241,5.393214,5.393214,5.393214,60.223225,60.223225,60.223225,6.371511,10,2,0,1,0,138.90547,57,22.5,57,1.1,5.5769,187,103.2,210,2,0.6539203,
LaAlO3,La,2920,2,2.6,0.2,0,4.314649274,42.7770478,48.2520563,2.606,2.34,1.034090905,0.006929939,0.004501008,0.016569551,0.00332616,92.4,39.92893688,87.08,88.4960986,204.76,1.666666667,2,1.011141,5,2.178786915,179.8823695,4.0189,111.485241,-3.740241,5.393214,5.393214,5.393214,60.223225,60.223225,60.223225,6.371511,10,2,0,1,0,138.90547,57,22.5,57,1.1,5.5769,187,103.2,210,2,0.6539203,
LaAlO3,O,2920,2,2.6,0.2,0,4.314649274,42.7770478,48.2520563,2.606,2.34,1.034090905,0.006929939,0.004501008,0.016569551,0.00332616,92.4,39.92893688,87.08,88.4960986,204.76,1.666666667,2,1.011141,5,2.178786915,179.8823695,4.0189,111.485241,-3.740241,5.393214,5.393214,5.393214,60.223225,60.223225,60.223225,6.371511,10,2,4,0,0,15.999,8,14,8,3.44,13.618054,152,135,5.24,1,0.3511808,
LaAlO3,O,2920,2,2.6,0.2,0,4.314649274,42.7770478,48.2520563,2.606,2.34,1.034090905,0.006929939,0.004501008,0.016569551,0.00332616,92.4,39.92893688,87.08,88.4960986,204.76,1.666666667,2,1.011141,5,2.178786915,179.8823695,4.0189,111.485241,-3.740241,5.393214,5.393214,5.393214,60.223225,60.223225,60.223225,6.371511,10,2,4,0,0,15.999,8,14,8,3.44,13.618054,152,135,5.24,1,0.3511808,
LaAlO3,O,2920,2,2.6,0.2,0,4.314649274,42.7770478,48.2520563,2.606,2.34,1.034090905,0.006929939,0.004501008,0.016569551,0.00332616,92.4,39.92893688,87.08,88.4960986,204.76,1.666666667,2,1.011141,5,2.178786915,179.8823695,4.0189,111.485241,-3.740241,5.393214,5.393214,5.393214,60.223225,60.223225,60.223225,6.371511,10,2,4,0,0,15.999,8,14,8,3.44,13.618054,152,135,5.24,1,0.3511808,
LaAlO3,O,2920,2,2.6,0.2,0,4.314649274,42.7770478,48.2520563,2.606,2.34,1.034090905,0.006929939,0.004501008,0.016569551,0.00332616,92.4,39.92893688,87.08,88.4960986,204.76,1.666666667,2,1.011141,5,2.178786915,179.8823695,4.0189,111.485241,-3.740241,5.393214,5.393214,5.393214,60.223225,60.223225,60.223225,6.371511,10,2,4,0,0,15.999,8,14,8,3.44,13.618054,152,135,5.24,1,0.3511808,
LaAlO3,O,2920,2,2.6,0.2,0,4.314649274,42.7770478,48.2520563,2.606,2.34,1.034090905,0.006929939,0.004501008,0.016569551,0.00332616,92.4,39.92893688,87.08,88.4960986,204.76,1.666666667,2,1.011141,5,2.178786915,179.8823695,4.0189,111.485241,-3.740241,5.393214,5.393214,5.393214,60.223225,60.223225,60.223225,6.371511,10,2,4,0,0,15.999,8,14,8,3.44,13.618054,152,135,5.24,1,0.3511808,
LaAlO3,O,2920,2,2.6,0.2,0,4.314649274,42.7770478,48.2520563,2.606,2.34,1.034090905,0.006929939,0.004501008,0.016569551,0.00332616,92.4,39.92893688,87.08,88.4960986,204.76,1.666666667,2,1.011141,5,2.178786915,179.8823695,4.0189,111.485241,-3.740241,5.393214,5.393214,5.393214,60.223225,60.223225,60.223225,6.371511,10,2,4,0,0,15.999,8,14,8,3.44,13.618054,152,135,5.24,1,0.3511808,
MgO,Cr,1265,2,2,0,0,9.648212528,20.1522,4.1528,2.375,2.13,1.065,0.006321268,0.003450045,0.011080518,0.003010852,96,39,38.065,32.825,65.65,0.5,1,0.4312,2,3.045724519,93.4703154,4.4449,19.279367,-3.070604,3.009788,3.009788,3.009788,60,60,60,3.471433,2,1,0,5,0,51.9961,24,7.23,24,1.66,6.76651,130,73,78.4,2,0.2197,
MgO,Fe,1265,2,2,0,0,9.648212528,20.1522,4.1528,2.375,2.13,1.065,0.006321268,0.003450045,0.011080518,0.003010852,96,39,38.065,32.825,65.65,0.5,1,0.4312,2,3.045724519,93.4703154,4.4449,19.279367,-3.070604,3.009788,3.009788,3.009788,60,60,60,3.471433,2,2,0,6,0,55.845,26,7.1,26,1.83,7.9024678,126,63,63.93,2,0.2000376,
MgO,H,1265,2,2,0,0,9.648212528,20.1522,4.1528,2.375,2.13,1.065,0.006321268,0.003450045,0.011080518,0.003010852,96,39,38.065,32.825,65.65,0.5,1,0.4312,2,3.045724519,93.4703154,4.4449,19.279367,-3.070604,3.009788,3.009788,3.009788,60,60,60,3.471433,2,1,0,0,0,1.008,1,14.1,1,2.2,13.59843401,79,-38,4.507107424,0,0.0493039,
MgO,Ni,1265,2,2,0,0,9.648212528,20.1522,4.1528,2.375,2.13,1.065,0.006321268,0.003450045,0.011080518,0.003010852,96,39,38.065,32.825,65.65,0.5,1,0.4312,2,3.045724519,93.4703154,4.4449,19.279367,-3.070604,3.009788,3.009788,3.009788,60,60,60,3.471433,2,2,0,8,0,58.6934,28,6.6,28,1.91,7.639877,124,55,51.1,2,0.1906624,
MgO,O,1265,2,2,0,0,9.648212528,20.1522,4.1528,2.375,2.13,1.065,0.006321268,0.003450045,0.011080518,0.003010852,96,39,38.065,32.825,65.65,0.5,1,0.4312,2,3.045724519,93.4703154,4.4449,19.279367,-3.070604,3.009788,3.009788,3.009788,60,60,60,3.471433,2,2,4,0,0,15.999,8,14,8,3.44,13.618054,152,135,5.24,1,0.3511808,
MgO,O,1265,2,2,0,0,9.648212528,20.1522,4.1528,2.375,2.13,1.065,0.006321268,0.003450045,0.011080518,0.003010852,96,39,38.065,32.825,65.65,0.5,1,0.4312,2,3.045724519,93.4703154,4.4449,19.279367,-3.070604,3.009788,3.009788,3.009788,60,60,60,3.471433,2,2,4,0,0,15.999,8,14,8,3.44,13.618054,152,135,5.24,1,0.3511808,
MgO,O,1265,2,2,0,0,9.648212528,20.1522,4.1528,2.375,2.13,1.065,0.006321268,0.003450045,0.011080518,0.003010852,96,39,38.065,32.825,65.65,0.5,1,0.4312,2,3.045724519,93.4703154,4.4449,19.279367,-3.070604,3.009788,3.009788,3.009788,60,60,60,3.471433,2,2,4,0,0,15.999,8,14,8,3.44,13.618054,152,135,5.24,1,0.3511808,
MgO,Ti,1265,2,2,0,0,9.648212528,20.1522,4.1528,2.375,2.13,1.065,0.006321268,0.003450045,0.011080518,0.003010852,96,39,38.065,32.825,65.65,0.5,1,0.4312,2,3.045724519,93.4703154,4.4449,19.279367,-3.070604,3.009788,3.009788,3.009788,60,60,60,3.471433,2,2,0,2,0,47.867,22,10.6,22,1.54,6.82812,147,86,114.34,2,0.3176523,
MgO,Zn,1265,2,2,0,0,9.648212528,20.1522,4.1528,2.375,2.13,1.065,0.006321268,0.003450045,0.011080518,0.003010852,96,39,38.065,32.825,65.65,0.5,1,0.4312,2,3.045724519,93.4703154,4.4449,19.279367,-3.070604,3.009788,3.009788,3.009788,60,60,60,3.471433,2,2,0,10,0,65.38,30,9.2,30,1.65,9.394199,138,60,38.8,2,0.2628072,
Si,Al,149,2,2,0,0,28.0855,28.0855,0,1.9,0,0,0.002266076,0,0.002266076,0.002266076,26,0,37.31,0,0,1,0,0.2299968,1,4.170317292,122.1125685,0.6119,40.888292,0,3.866975,3.866975,3.866975,60,60,60,2.281194,2,2,1,0,0,26.9815385,13,10,13,1.61,5.9857684,143,39,46,1,0.2924207,
Si,As,149,2,2,0,0,28.0855,28.0855,0,1.9,0,0,0.002266076,0,0.002266076,0.002266076,26,0,37.31,0,0,1,0,0.2299968,1,4.170317292,122.1125685,0.6119,40.888292,0,3.866975,3.866975,3.866975,60,60,60,2.281194,2,2,3,10,0,74.921595,33,13.1,33,2.18,9.789,139,58,29.8,1,0.2685619,
Si,B,149,2,2,0,0,28.0855,28.0855,0,1.9,0,0,0.002266076,0,0.002266076,0.002266076,26,0,37.31,0,0,1,0,0.2299968,1,4.170317292,122.1125685,0.6119,40.888292,0,3.866975,3.866975,3.866975,60,60,60,2.281194,2,2,1,0,0,10.81,5,4.6,5,2.04,8.298019,98,1,20.53,1,0.0941192,
Si,C,149,2,2,0,0,28.0855,28.0855,0,1.9,0,0,0.002266076,0,0.002266076,0.002266076,26,0,37.31,0,0,1,0,0.2299968,1,4.170317292,122.1125685,0.6119,40.888292,0,3.866975,3.866975,3.866975,60,60,60,2.281194,2,2,2,0,0,12.011,6,5.3,6,2.55,11.260296,91,-8,20.53,1,0.0753571,
Si,Cu,149,2,2,0,0,28.0855,28.0855,0,1.9,0,0,0.002266076,0,0.002266076,0.002266076,26,0,37.31,0,0,1,0,0.2299968,1,4.170317292,122.1125685,0.6119,40.888292,0,3.866975,3.866975,3.866975,60,60,60,2.281194,2,1,0,10,0,63.546,29,7.1,29,1.9,7.72638,128,46,46.5,2,0.2097152,
Si,Cu,149,2,2,0,0,28.0855,28.0855,0,1.9,0,0,0.002266076,0,0.002266076,0.002266076,26,0,37.31,0,0,1,0,0.2299968,1,4.170317292,122.1125685,0.6119,40.888292,0,3.866975,3.866975,3.866975,60,60,60,2.281194,2,1,0,10,0,63.546,29,7.1,29,1.9,7.72638,128,46,46.5,2,0.2097152,
Si,Cu,149,2,2,0,0,28.0855,28.0855,0,1.9,0,0,0.002266076,0,0.002266076,0.002266076,26,0,37.31,0,0,1,0,0.2299968,1,4.170317292,122.1125685,0.6119,40.888292,0,3.866975,3.866975,3.866975,60,60,60,2.281194,2,1,0,10,0,63.546,29,7.1,29,1.9,7.72638,128,46,46.5,2,0.2097152,
Si,Ga,149,2,2,0,0,28.0855,28.0855,0,1.9,0,0,0.002266076,0,0.002266076,0.002266076,26,0,37.31,0,0,1,0,0.2299968,1,4.170317292,122.1125685,0.6119,40.888292,0,3.866975,3.866975,3.866975,60,60,60,2.281194,2,2,1,10,0,69.723,31,11.8,31,1.81,5.9993018,141,47,49.9,1,0.2803221,
Si,In,149,2,2,0,0,28.0855,28.0855,0,1.9,0,0,0.002266076,0,0.002266076,0.002266076,26,0,37.31,0,0,1,0,0.2299968,1,4.170317292,122.1125685,0.6119,40.888292,0,3.866975,3.866975,3.866975,60,60,60,2.281194,2,2,1,10,0,114.818,49,15.7,49,1.78,5.7863552,166,62,68.7,1,0.4574296,
Si,Li,149,2,2,0,0,28.0855,28.0855,0,1.9,0,0,0.002266076,0,0.002266076,0.002266076,26,0,37.31,0,0,1,0,0.2299968,1,4.170317292,122.1125685,0.6119,40.888292,0,3.866975,3.866975,3.866975,60,60,60,2.281194,2,1,0,0,0,6.94,3,13.1,3,0.98,5.391714761,155,59,164,0,0.3723875,
Si,P,149,2,2,0,0,28.0855,28.0855,0,1.9,0,0,0.002266076,0,0.002266076,0.002266076,26,0,37.31,0,0,1,0,0.2299968,1,4.170317292,122.1125685,0.6119,40.888292,0,3.866975,3.866975,3.866975,60,60,60,2.281194,2,2,3,0,0,30.973762,15,17,15,2.19,10.486686,128,44,24.93,1,0.2097152,
Si,Sb,149,2,2,0,0,28.0855,28.0855,0,1.9,0,0,0.002266076,0,0.002266076,0.002266076,26,0,37.31,0,0,1,0,0.2299968,1,4.170317292,122.1125685,0.6119,40.888292,0,3.866975,3.866975,3.866975,60,60,60,2.281194,2,2,3,10,0,121.76,51,18.4,51,2.05,8.608389,159,76,42.2,1,0.4019679,
Si,Si,149,2,2,0,0,28.0855,28.0855,0,1.9,0,0,0.002266076,0,0.002266076,0.002266076,26,0,37.31,0,0,1,0,0.2299968,1,4.170317292,122.1125685,0.6119,40.888292,0,3.866975,3.866975,3.866975,60,60,60,2.281194,2,2,2,0,0,28.085,14,12.1,14,1.9,8.151683,132,26,37.31,1,0.2299968,
Si,Si,149,2,2,0,0,28.0855,28.0855,0,1.9,0,0,0.002266076,0,0.002266076,0.002266076,26,0,37.31,0,0,1,0,0.2299968,1,4.170317292,122.1125685,0.6119,40.888292,0,3.866975,3.866975,3.866975,60,60,60,2.281194,2,2,2,0,0,28.085,14,12.1,14,1.9,8.151683,132,26,37.31,1,0.2299968,
Si,Si,149,2,2,0,0,28.0855,28.0855,0,1.9,0,0,0.002266076,0,0.002266076,0.002266076,26,0,37.31,0,0,1,0,0.2299968,1,4.170317292,122.1125685,0.6119,40.888292,0,3.866975,3.866975,3.866975,60,60,60,2.281194,2,2,2,0,0,28.085,14,12.1,14,1.9,8.151683,132,26,37.31,1,0.2299968,
Si,Si,149,2,2,0,0,28.0855,28.0855,0,1.9,0,0,0.002266076,0,0.002266076,0.002266076,26,0,37.31,0,0,1,0,0.2299968,1,4.170317292,122.1125685,0.6119,40.888292,0,3.866975,3.866975,3.866975,60,60,60,2.281194,2,2,2,0,0,28.085,14,12.1,14,1.9,8.151683,132,26,37.31,1,0.2299968,
Si,Te,149,2,2,0,0,28.0855,28.0855,0,1.9,0,0,0.002266076,0,0.002266076,0.002266076,26,0,37.31,0,0,1,0,0.2299968,1,4.170317292,122.1125685,0.6119,40.888292,0,3.866975,3.866975,3.866975,60,60,60,2.281194,2,2,4,10,0,127.6,52,20.5,52,2.1,9.00966,160,221,37,1,0.4096,
Si,Te,149,2,2,0,0,28.0855,28.0855,0,1.9,0,0,0.002266076,0,0.002266076,0.002266076,26,0,37.31,0,0,1,0,0.2299968,1,4.170317292,122.1125685,0.6119,40.888292,0,3.866975,3.866975,3.866975,60,60,60,2.281194,2,2,4,10,0,127.6,52,20.5,52,2.1,9.00966,160,221,37,1,0.4096,
SiO2,H,546794,2,3.333333333,0,0,6.226252712,20.0281,5.697442179,2.926666667,1.54,0.725962962,0.008570919,0.003809698,0.013793362,0.004812847,80.5,54.5,21.275,16.035,32.07,1,0,0.2731968,3,4.418364694,161.3668242,5.7034,94.708007,-3.284647,5.138209,5.139163,5.138919,88.54085,120.840203,120.841618,2.106946,6,1,0,0,0,1.008,1,14.1,1,2.2,13.59843401,79,-38,4.507107424,0,0.0493039,
SnO2,O,856,2,3.333333333,3.333333333,0,7.494646322,50.23626667,48.41824117,2.946666667,1.48,0.697678691,0.007138085,0.003925234,0.012572103,0.003438843,95,40,23.82,18.58,37.16,1,0,0.4683528,3,4.301693727,287.6237742,0.6519,75.733959,-2.124799,3.243221,4.829335,4.835337,90,90,90,6.608867,6,2,4,0,0,15.999,8,14,8,3.44,13.618054,152,135,5.24,1,0.3511808,
SnO2,O,856,2,3.333333333,3.333333333,0,7.494646322,50.23626667,48.41824117,2.946666667,1.48,0.697678691,0.007138085,0.003925234,0.012572103,0.003438843,95,40,23.82,18.58,37.16,1,0,0.4683528,3,4.301693727,287.6237742,0.6519,75.733959,-2.124799,3.243221,4.829335,4.835337,90,90,90,6.608867,6,2,4,0,0,15.999,8,14,8,3.44,13.618054,152,135,5.24,1,0.3511808,
SnO2,O,856,2,3.333333333,3.333333333,0,7.494646322,50.23626667,48.41824117,2.946666667,1.48,0.697678691,0.007138085,0.003925234,0.012572103,0.003438843,95,40,23.82,18.58,37.16,1,0,0.4683528,3,4.301693727,287.6237742,0.6519,75.733959,-2.124799,3.243221,4.829335,4.835337,90,90,90,6.608867,6,2,4,0,0,15.999,8,14,8,3.44,13.618054,152,135,5.24,1,0.3511808,
SrTiO3,H,4651,2,2.4,0.4,0,4.549476735,36.69964,28.29623056,2.562,2.49,1.091391772,0.006575631,0.004499696,0.016136256,0.002810567,113,20.31419865,101.86,74.32073376,180.76,1,2,1.3762898,5,1.86752177,110.0781245,1.8488,122.558562,-3.569374,5.567728,5.567728,5.579461,119.930466,119.930466,90,4.972061,10,1,0,0,0,1.008,1,14.1,1,2.2,13.59843401,79,-38,4.507107424,0,0.0493039,
SrZrO3,H,4387,2,2.4,0.4,0,4.764582492,45.36844,35.98763187,2.52,2.49,1.133154888,0.006239476,0.004442669,0.015767799,0.00274639,104,32.56787783,104.08,74.7585411,180.76,1,2,1.4682375,5,1.808100069,132.705642,3.6203,286.871396,-3.679683,5.847091,5.912328,8.298295,90,90,90,5.252253,20,1,0,0,0,1.008,1,14.1,1,2.2,13.59843401,79,-38,4.507107424,0,0.0493039,
TiO2,H,554278,2,2.666666667,0.666666667,0,6.854468367,26.62626667,15.02865897,2.806666667,1.9,0.89566859,0.007605674,0.004015193,0.01314609,0.003758199,110.5,24.5,59.79,54.55,109.1,1.5,1,0.3608523,3,3.844453613,177.0236742,2.6774,146.706316,-3.518494,3.766937,6.435368,6.616213,106.182184,90,107.018144,3.615939,12,1,0,0,0,1.008,1,14.1,1,2.2,13.59843401,79,-38,4.507107424,0,0.0493039,
YAlO3,Al,3792,2,2.6,0.2,0,4.240571643,32.7771178,28.38485073,2.63,2.22,0.999679949,0.007171777,0.004444722,0.01671365,0.003720012,88,39.2173431,68.08,62.31050848,147.76,1.333333333,1,0.9211959,5,2.282677828,143.1691012,5.5402,209.857441,-3.736487,5.226516,5.387206,7.453299,90,90,90,5.18711,20,2,1,0,0,26.9815385,13,10,13,1.61,5.9857684,143,39,46,1,0.2924207,
YAlO3,Al,3792,2,2.6,0.2,0,4.240571643,32.7771178,28.38485073,2.63,2.22,0.999679949,0.007171777,0.004444722,0.01671365,0.003720012,88,39.2173431,68.08,62.31050848,147.76,1.333333333,1,0.9211959,5,2.282677828,143.1691012,5.5402,209.857441,-3.736487,5.226516,5.387206,7.453299,90,90,90,5.18711,20,2,1,0,0,26.9815385,13,10,13,1.61,5.9857684,143,39,46,1,0.2924207,
YAlO3,O,3792,2,2.6,0.2,0,4.240571643,32.7771178,28.38485073,2.63,2.22,0.999679949,0.007171777,0.004444722,0.01671365,0.003720012,88,39.2173431,68.08,62.31050848,147.76,1.333333333,1,0.9211959,5,2.282677828,143.1691012,5.5402,209.857441,-3.736487,5.226516,5.387206,7.453299,90,90,90,5.18711,20,2,4,0,0,15.999,8,14,8,3.44,13.618054,152,135,5.24,1,0.3511808,
YAlO3,O,3792,2,2.6,0.2,0,4.240571643,32.7771178,28.38485073,2.63,2.22,0.999679949,0.007171777,0.004444722,0.01671365,0.003720012,88,39.2173431,68.08,62.31050848,147.76,1.333333333,1,0.9211959,5,2.282677828,143.1691012,5.5402,209.857441,-3.736487,5.226516,5.387206,7.453299,90,90,90,5.18711,20,2,4,0,0,15.999,8,14,8,3.44,13.618054,152,135,5.24,1,0.3511808,
YAlO3,O,3792,2,2.6,0.2,0,4.240571643,32.7771178,28.38485073,2.63,2.22,0.999679949,0.007171777,0.004444722,0.01671365,0.003720012,88,39.2173431,68.08,62.31050848,147.76,1.333333333,1,0.9211959,5,2.282677828,143.1691012,5.5402,209.857441,-3.736487,5.226516,5.387206,7.453299,90,90,90,5.18711,20,2,4,0,0,15.999,8,14,8,3.44,13.618054,152,135,5.24,1,0.3511808,
YAlO3,O,3792,2,2.6,0.2,0,4.240571643,32.7771178,28.38485073,2.63,2.22,0.999679949,0.007171777,0.004444722,0.01671365,0.003720012,88,39.2173431,68.08,62.31050848,147.76,1.333333333,1,0.9211959,5,2.282677828,143.1691012,5.5402,209.857441,-3.736487,5.226516,5.387206,7.453299,90,90,90,5.18711,20,2,4,0,0,15.999,8,14,8,3.44,13.618054,152,135,5.24,1,0.3511808,
YAlO3,Y,3792,2,2.6,0.2,0,4.240571643,32.7771178,28.38485073,2.63,2.22,0.999679949,0.007171777,0.004444722,0.01671365,0.003720012,88,39.2173431,68.08,62.31050848,147.76,1.333333333,1,0.9211959,5,2.282677828,143.1691012,5.5402,209.857441,-3.736487,5.226516,5.387206,7.453299,90,90,90,5.18711,20,2,0,1,0,88.90584,39,19.8,39,1.22,6.21726,178,90,153,2,0.5639752,
YAlO3,Y,3792,2,2.6,0.2,0,4.240571643,32.7771178,28.38485073,2.63,2.22,0.999679949,0.007171777,0.004444722,0.01671365,0.003720012,88,39.2173431,68.08,62.31050848,147.76,1.333333333,1,0.9211959,5,2.282677828,143.1691012,5.5402,209.857441,-3.736487,5.226516,5.387206,7.453299,90,90,90,5.18711,20,2,0,1,0,88.90584,39,19.8,39,1.22,6.21726,178,90,153,2,0.5639752,
ZnO,H,2133,2,2,5,0,12.85426316,40.6947,24.6953,2.545,1.79,0.895,0.006001576,0.002635982,0.00959975,0.003358416,97.5,37.5,22.02,16.78,33.56,1.5,1,0.2844072,2,5.625368298,286.17208,0.7317,49.718723,-1.797599,3.289103,3.289103,5.306821,90,90,120,5.437864,4,1,0,0,0,1.008,1,14.1,1,2.2,13.59843401,79,-38,4.507107424,0,0.0493039,
ZnO,H,2133,2,2,5,0,12.85426316,40.6947,24.6953,2.545,1.79,0.895,0.006001576,0.002635982,0.00959975,0.003358416,97.5,37.5,22.02,16.78,33.56,1.5,1,0.2844072,2,5.625368298,286.17208,0.7317,49.718723,-1.797599,3.289103,3.289103,5.306821,90,90,120,5.437864,4,1,0,0,0,1.008,1,14.1,1,2.2,13.59843401,79,-38,4.507107424,0,0.0493039,
ZnO,H,2133,2,2,5,0,12.85426316,40.6947,24.6953,2.545,1.79,0.895,0.006001576,0.002635982,0.00959975,0.003358416,97.5,37.5,22.02,16.78,33.56,1.5,1,0.2844072,2,5.625368298,286.17208,0.7317,49.718723,-1.797599,3.289103,3.289103,5.306821,90,90,120,5.437864,4,1,0,0,0,1.008,1,14.1,1,2.2,13.59843401,79,-38,4.507107424,0,0.0493039,
ZnO,Li,2133,2,2,5,0,12.85426316,40.6947,24.6953,2.545,1.79,0.895,0.006001576,0.002635982,0.00959975,0.003358416,97.5,37.5,22.02,16.78,33.56,1.5,1,0.2844072,2,5.625368298,286.17208,0.7317,49.718723,-1.797599,3.289103,3.289103,5.306821,90,90,120,5.437864,4,1,0,0,0,6.94,3,13.1,3,0.98,5.391714761,155,59,164,0,0.3723875,
ZnO,O,2133,2,2,5,0,12.85426316,40.6947,24.6953,2.545,1.79,0.895,0.006001576,0.002635982,0.00959975,0.003358416,97.5,37.5,22.02,16.78,33.56,1.5,1,0.2844072,2,5.625368298,286.17208,0.7317,49.718723,-1.797599,3.289103,3.289103,5.306821,90,90,120,5.437864,4,2,4,0,0,15.999,8,14,8,3.44,13.618054,152,135,5.24,1,0.3511808,
ZnO,O,2133,2,2,5,0,12.85426316,40.6947,24.6953,2.545,1.79,0.895,0.006001576,0.002635982,0.00959975,0.003358416,97.5,37.5,22.02,16.78,33.56,1.5,1,0.2844072,2,5.625368298,286.17208,0.7317,49.718723,-1.797599,3.289103,3.289103,5.306821,90,90,120,5.437864,4,2,4,0,0,15.999,8,14,8,3.44,13.618054,152,135,5.24,1,0.3511808,
ZnO,O,2133,2,2,5,0,12.85426316,40.6947,24.6953,2.545,1.79,0.895,0.006001576,0.002635982,0.00959975,0.003358416,97.5,37.5,22.02,16.78,33.56,1.5,1,0.2844072,2,5.625368298,286.17208,0.7317,49.718723,-1.797599,3.289103,3.289103,5.306821,90,90,120,5.437864,4,2,4,0,0,15.999,8,14,8,3.44,13.618054,152,135,5.24,1,0.3511808,
ZnO,O,2133,2,2,5,0,12.85426316,40.6947,24.6953,2.545,1.79,0.895,0.006001576,0.002635982,0.00959975,0.003358416,97.5,37.5,22.02,16.78,33.56,1.5,1,0.2844072,2,5.625368298,286.17208,0.7317,49.718723,-1.797599,3.289103,3.289103,5.306821,90,90,120,5.437864,4,2,4,0,0,15.999,8,14,8,3.44,13.618054,152,135,5.24,1,0.3511808,
ZnO,O,2133,2,2,5,0,12.85426316,40.6947,24.6953,2.545,1.79,0.895,0.006001576,0.002635982,0.00959975,0.003358416,97.5,37.5,22.02,16.78,33.56,1.5,1,0.2844072,2,5.625368298,286.17208,0.7317,49.718723,-1.797599,3.289103,3.289103,5.306821,90,90,120,5.437864,4,2,4,0,0,15.999,8,14,8,3.44,13.618054,152,135,5.24,1,0.3511808,
ZnO,O,2133,2,2,5,0,12.85426316,40.6947,24.6953,2.545,1.79,0.895,0.006001576,0.002635982,0.00959975,0.003358416,97.5,37.5,22.02,16.78,33.56,1.5,1,0.2844072,2,5.625368298,286.17208,0.7317,49.718723,-1.797599,3.289103,3.289103,5.306821,90,90,120,5.437864,4,2,4,0,0,15.999,8,14,8,3.44,13.618054,152,135,5.24,1,0.3511808,
ZnO,O,2133,2,2,5,0,12.85426316,40.6947,24.6953,2.545,1.79,0.895,0.006001576,0.002635982,0.00959975,0.003358416,97.5,37.5,22.02,16.78,33.56,1.5,1,0.2844072,2,5.625368298,286.17208,0.7317,49.718723,-1.797599,3.289103,3.289103,5.306821,90,90,120,5.437864,4,2,4,0,0,15.999,8,14,8,3.44,13.618054,152,135,5.24,1,0.3511808,
ZnO,Zn,2133,2,2,5,0,12.85426316,40.6947,24.6953,2.545,1.79,0.895,0.006001576,0.002635982,0.00959975,0.003358416,97.5,37.5,22.02,16.78,33.56,1.5,1,0.2844072,2,5.625368298,286.17208,0.7317,49.718723,-1.797599,3.289103,3.289103,5.306821,90,90,120,5.437864,4,2,0,10,0,65.38,30,9.2,30,1.65,9.394199,138,60,38.8,2,0.2628072,
ZnO,Zn,2133,2,2,5,0,12.85426316,40.6947,24.6953,2.545,1.79,0.895,0.006001576,0.002635982,0.00959975,0.003358416,97.5,37.5,22.02,16.78,33.56,1.5,1,0.2844072,2,5.625368298,286.17208,0.7317,49.718723,-1.797599,3.289103,3.289103,5.306821,90,90,120,5.437864,4,2,0,10,0,65.38,30,9.2,30,1.65,9.394199,138,60,38.8,2,0.2628072,
ZnO,Zn,2133,2,2,5,0,12.85426316,40.6947,24.6953,2.545,1.79,0.895,0.006001576,0.002635982,0.00959975,0.003358416,97.5,37.5,22.02,16.78,33.56,1.5,1,0.2844072,2,5.625368298,286.17208,0.7317,49.718723,-1.797599,3.289103,3.289103,5.306821,90,90,120,5.437864,4,2,0,10,0,65.38,30,9.2,30,1.65,9.394199,138,60,38.8,2,0.2628072,
ZnO,Zn,2133,2,2,5,0,12.85426316,40.6947,24.6953,2.545,1.79,0.895,0.006001576,0.002635982,0.00959975,0.003358416,97.5,37.5,22.02,16.78,33.56,1.5,1,0.2844072,2,5.625368298,286.17208,0.7317,49.718723,-1.797599,3.289103,3.289103,5.306821,90,90,120,5.437864,4,2,0,10,0,65.38,30,9.2,30,1.65,9.394199,138,60,38.8,2,0.2628072,
ZnO,Zn,2133,2,2,5,0,12.85426316,40.6947,24.6953,2.545,1.79,0.895,0.006001576,0.002635982,0.00959975,0.003358416,97.5,37.5,22.02,16.78,33.56,1.5,1,0.2844072,2,5.625368298,286.17208,0.7317,49.718723,-1.797599,3.289103,3.289103,5.306821,90,90,120,5.437864,4,2,0,10,0,65.38,30,9.2,30,1.65,9.394199,138,60,38.8,2,0.2628072,
ZnO,Zn,2133,2,2,5,0,12.85426316,40.6947,24.6953,2.545,1.79,0.895,0.006001576,0.002635982,0.00959975,0.003358416,97.5,37.5,22.02,16.78,33.56,1.5,1,0.2844072,2,5.625368298,286.17208,0.7317,49.718723,-1.797599,3.289103,3.289103,5.306821,90,90,120,5.437864,4,2,0,10,0,65.38,30,9.2,30,1.65,9.394199,138,60,38.8,2,0.2628072,
ZnO,Zn,2133,2,2,5,0,12.85426316,40.6947,24.6953,2.545,1.79,0.895,0.006001576,0.002635982,0.00959975,0.003358416,97.5,37.5,22.02,16.78,33.56,1.5,1,0.2844072,2,5.625368298,286.17208,0.7317,49.718723,-1.797599,3.289103,3.289103,5.306821,90,90,120,5.437864,4,2,0,10,0,65.38,30,9.2,30,1.65,9.394199,138,60,38.8,2,0.2628072,
ZnO,Zn,2133,2,2,5,0,12.85426316,40.6947,24.6953,2.545,1.79,0.895,0.006001576,0.002635982,0.00959975,0.003358416,97.5,37.5,22.02,16.78,33.56,1.5,1,0.2844072,2,5.625368298,286.17208,0.7317,49.718723,-1.797599,3.289103,3.289103,5.306821,90,90,120,5.437864,4,2,0,10,0,65.38,30,9.2,30,1.65,9.394199,138,60,38.8,2,0.2628072,
ZnO,Zn,2133,2,2,5,0,12.85426316,40.6947,24.6953,2.545,1.79,0.895,0.006001576,0.002635982,0.00959975,0.003358416,97.5,37.5,22.02,16.78,33.56,1.5,1,0.2844072,2,5.625368298,286.17208,0.7317,49.718723,-1.797599,3.289103,3.289103,5.306821,90,90,120,5.437864,4,2,0,10,0,65.38,30,9.2,30,1.65,9.394199,138,60,38.8,2,0.2628072,
ZrO2,H,2858,2,2.666666667,0.666666667,0,7.354741184,41.07426667,35.46121651,2.736666667,2.11,0.994663539,0.007087574,0.004051242,0.012691116,0.00325184,97,38,63.12,57.88,115.76,1.5,1,0.4528,3,3.431991115,236.8007951,3.4737,147.11041,-3.832751,5.233649,5.26846,5.418476,90,100.054845,90,5.56361,12,1,0,0,0,1.008,1,14.1,1,2.2,13.59843401,79,-38,4.507107424,0,0.0493039,
ZrSiO4,H,4820,2,3,0.333333333,0,3.37180604,30.55118333,27.49026455,2.831666667,2.11,0.875907466,0.008841392,0.004704753,0.018743565,0.004802658,73.33333333,45.63867755,54.51666667,48.79990733,115.76,1.333333333,1,0.7259968,6,2.710391401,186.3767168,4.4661,135.902661,-3.576595,5.623194,5.623194,5.623194,106.768576,106.768576,115.023286,4.479509,12,1,0,0,0,1.008,1,14.1,1,2.2,13.59843401,79,-38,4.507107424,0,0.0493039,
,,,,,,,,,,,,,,,,,,,,,,,,,,,,,,,,,,,,,,,,,,,,,,,,,,,,,,
,,,,,,,,,,,,,,,,,,,,,,,,,,,,,,,,,,,,,,,,,,,,,,,,,,,,,,
,,,,,,,,,,,,,,,,,,,,,,,,,,,,,,,,,,,,,,,,,,,,,,,,,,,,,,
,,,,,,,,,,,,,,,,,,,,,,,,,,,,,,,,,,,,,,,,,,,,,,,,,,,,,,
,,,,,,,,,,,,,,,,,,,,,,,,,,,,,,,,,,,,,,,,,,,,,,,,,,,,,,
,,,,,,,,,,,,,,,,,,,,,,,,,,,,,,,,,,,,,,,,,,,,,,,,,,,,,,
,,,,,,,,,,,,,,,,,,,,,,,,,,,,,,,,,,,,,,,,,,,,,,,,,,,,,,
,,,,,,,,,,,,,,,,,,,,,,,,,,,,,,,,,,,,,,,,,,,,,,,,,,,,,,
,,,,,,,,,,,,,,,,,,,,,,,,,,,,,,,,,,,,,,,,,,,,,,,,,,,,,,
,,,,,,,,,,,,,,,,,,,,,,,,,,,,,,,,,,,,,,,,,,,,,,,,,,,,,,
,,,,,,,,,,,,,,,,,,,,,,,,,,,,,,,,,,,,,,,,,,,,,,,,,,,,,,
,,,,,,,,,,,,,,,,,,,,,,,,,,,,,,,,,,,,,,,,,,,,,,,,,,,,,,
,,,,,,,,,,,,,,,,,,,,,,,,,,,,,,,,,,,,,,,,,,,,,,,,,,,,,,
,,,,,,,,,,,,,,,,,,,,,,,,,,,,,,,,,,,,,,,,,,,,,,,,,,,,,,
,,,,,,,,,,,,,,,,,,,,,,,,,,,,,,,,,,,,,,,,,,,,,,,,,,,,,,
,,,,,,,,,,,,,,,,,,,,,,,,,,,,,,,,,,,,,,,,,,,,,,,,,,,,,,
,,,,,,,,,,,,,,,,,,,,,,,,,,,,,,,,,,,,,,,,,,,,,,,,,,,,,,
,,,,,,,,,,,,,,,,,,,,,,,,,,,,,,,,,,,,,,,,,,,,,,,,,,,,,,
,,,,,,,,,,,,,,,,,,,,,,,,,,,,,,,,,,,,,,,,,,,,,,,,,,,,,,
,,,,,,,,,,,,,,,,,,,,,,,,,,,,,,,,,,,,,,,,,,,,,,,,,,,,,,
,,,,,,,,,,,,,,,,,,,,,,,,,,,,,,,,,,,,,,,,,,,,,,,,,,,,,,
,,,,,,,,,,,,,,,,,,,,,,,,,,,,,,,,,,,,,,,,,,,,,,,,,,,,,,
,,,,,,,,,,,,,,,,,,,,,,,,,,,,,,,,,,,,,,,,,,,,,,,,,,,,,,
,,,,,,,,,,,,,,,,,,,,,,,,,,,,,,,,,,,,,,,,,,,,,,,,,,,,,,
,,,,,,,,,,,,,,,,,,,,,,,,,,,,,,,,,,,,,,,,,,,,,,,,,,,,,,
